id,title,isbn13,published_date,format,pages,url,cover_image_url,cover_image_id
206742,Ottolenghi Test Kitchen: Extra Good Things,9781529109474,2022-09-29,Hardcover,256,https://www.eatyourbooks.com/library/206742/ottolenghi-test-kitchen-extra-good,https://f8383f377ae0dbf72580-915d22ed3472915dfddff20d58b567d0.ssl.cf1.rackcdn.com/ottolenghi-test-kitchen-extra-good-206742l1.jpg,books/ottolenghi-test-kitchen-extra-good-206742l1.jpg
205592,One: Simple One-Pan Wonders,9781250871008,2023-01-10,Hardcover,360,https://www.eatyourbooks.com/library/205592/one-simple-one-pan-wonders,https://f8383f377ae0dbf72580-915d22ed3472915dfddff20d58b567d0.ssl.cf1.rackcdn.com/one-simple-one-pan-wonders-205592l2.jpg,books/one-simple-one-pan-wonders-205592l2.jpg
205590,One: Simple One-Pan Wonders,9780241431108,2022-09-01,Hardcover,408,https://www.eatyourbooks.com/library/205590/one-simple-one-pan-wonders,https://f8383f377ae0dbf72580-915d22ed3472915dfddff20d58b567d0.ssl.cf1.rackcdn.com/one-simple-one-pan-wonders-205590l1.jpg,books/one-simple-one-pan-wonders-205590l1.jpg
203961,Persiana Everyday: All New Recipes from the Best Selling Author of Persiana,9781783255085,2022-08-04,Hardcover,240,https://www.eatyourbooks.com/library/203961/persiana-everyday-all-new-recipes,https://f8383f377ae0dbf72580-915d22ed3472915dfddff20d58b567d0.ssl.cf1.rackcdn.com/persiana-everyday-all-new-recipes-203961l1.jpg,books/persiana-everyday-all-new-recipes-203961l1.jpg
203543,Mezcla: Recipes to Excite,9781529148091,2022-07-07,Hardcover,288,https://www.eatyourbooks.com/library/203543/mezcla-recipes-to-excite,https://f8383f377ae0dbf72580-915d22ed3472915dfddff20d58b567d0.ssl.cf1.rackcdn.com/mezcla-recipes-to-excite-203543l2.jpg,books/mezcla-recipes-to-excite-203543l2.jpg
125945,Best Lunch Box Ever: Ideas and Recipes for School Lunches Will Kids Love,9781452108292,2013-09-01,Hardcover,156,https://www.eatyourbooks.com/library/125945/best-lunch-box-ever-ideas,https://f8383f377ae0dbf72580-915d22ed3472915dfddff20d58b567d0.ssl.cf1.rackcdn.com/best-lunch-box-ever-ideas-125945l2.jpg,books/best-lunch-box-ever-ideas-125945l2.jpg
198327,Taste: My Life Through Food,9781982168018,2021-10-05,Hardcover,320,https://www.eatyourbooks.com/library/198327/taste-my-life-through-food,https://f8383f377ae0dbf72580-915d22ed3472915dfddff20d58b567d0.ssl.cf1.rackcdn.com/taste-my-life-through-food-198327l1.jpg,books/taste-my-life-through-food-198327l1.jpg
200159,Ottolenghi Test Kitchen: Shelf Love,9781529109481,2021-09-30,Flexibound,256,https://www.eatyourbooks.com/library/200159/ottolenghi-test-kitchen-shelf-love,https://f8383f377ae0dbf72580-915d22ed3472915dfddff20d58b567d0.ssl.cf1.rackcdn.com/ottolenghi-test-kitchen-shelf-love-200159l1.jpg,books/ottolenghi-test-kitchen-shelf-love-200159l1.jpg
198224,The Great British Bake Off: Love to Bake,9780751574685,2020-10-15,,288,https://www.eatyourbooks.com/library/198224/the-great-british-bake-off,https://f8383f377ae0dbf72580-915d22ed3472915dfddff20d58b567d0.ssl.cf1.rackcdn.com/the-great-british-bake-off-198224l1.jpg,books/the-great-british-bake-off-198224l1.jpg
121900,Mary Berry's Cookery Course: A Step-by-Step Masterclass in Home Cooking,9781409367956,2013-06-03,Hardcover,352,https://www.eatyourbooks.com/library/121900/mary-berrys-cookery-course-a,https://f8383f377ae0dbf72580-915d22ed3472915dfddff20d58b567d0.ssl.cf1.rackcdn.com/mary-berrys-cookery-course-a-121900l3.jpg,books/mary-berrys-cookery-course-a-121900l3.jpg
198372,"Ripe Figs: Recipes and Stories from Turkey, Greece, and Cyprus",9781324006657,2021-05-04,Hardcover,320,https://www.eatyourbooks.com/library/198372/ripe-figs-recipes-and-stories,https://f8383f377ae0dbf72580-915d22ed3472915dfddff20d58b567d0.ssl.cf1.rackcdn.com/ripe-figs-recipes-and-stories-198372l2.jpg,books/ripe-figs-recipes-and-stories-198372l2.jpg
195052,"One: Pot, Pan, Planet: A Greener Way to Cook for You, Your Family and the Planet",9780008172480,2021-03-04,Hardcover,320,https://www.eatyourbooks.com/library/195052/one-pot-pan-planet-a,https://f8383f377ae0dbf72580-915d22ed3472915dfddff20d58b567d0.ssl.cf1.rackcdn.com/one-pot-pan-planet-a-195052l4.jpg,books/one-pot-pan-planet-a-195052l4.jpg
181429,Cooking for Family and Friends: 100 Lean Recipes to Enjoy Together,9781509820252,2017-06-01,Hardcover,240,https://www.eatyourbooks.com/library/181429/cooking-for-family-and-friends,https://f8383f377ae0dbf72580-915d22ed3472915dfddff20d58b567d0.ssl.cf1.rackcdn.com/cooking-for-family-and-friends-181429l1.jpg,books/cooking-for-family-and-friends-181429l1.jpg
195740,Ottolenghi Flavour / Flavor,9781785038938,2020-09-03,Hardcover,320,https://www.eatyourbooks.com/library/195740/ottolenghi-flavour--flavor,https://f8383f377ae0dbf72580-915d22ed3472915dfddff20d58b567d0.ssl.cf1.rackcdn.com/ottolenghi-flavour--flavor-195740l2.jpg,books/ottolenghi-flavour--flavor-195740l2.jpg
195898,Simply: Easy Everyday Dishes from the Bestselling Author of Persiana,9781784725167,2020-08-20,Hardcover,240,https://www.eatyourbooks.com/library/195898/simply-easy-everyday-dishes-from,https://f8383f377ae0dbf72580-915d22ed3472915dfddff20d58b567d0.ssl.cf1.rackcdn.com/simply-easy-everyday-dishes-from-195898l1.jpg,books/simply-easy-everyday-dishes-from-195898l1.jpg
193483,Falastin: A Cookbook,9781785038723,2020-03-26,,352,https://www.eatyourbooks.com/library/193483/falastin-a-cookbook,https://f8383f377ae0dbf72580-915d22ed3472915dfddff20d58b567d0.ssl.cf1.rackcdn.com/falastin-a-cookbook-193483l1.jpg,books/falastin-a-cookbook-193483l1.jpg
191469,Mastering Spice: Recipes and Techniques to Transform Your Everyday Cooking,9781984823694,2019-10-15,Hardcover,272,https://www.eatyourbooks.com/library/191469/mastering-spice-recipes-and-techniques,https://f8383f377ae0dbf72580-915d22ed3472915dfddff20d58b567d0.ssl.cf1.rackcdn.com/mastering-spice-recipes-and-techniques-191469l3.jpg,books/mastering-spice-recipes-and-techniques-191469l3.jpg
190161,Taverna: Recipes from a Cypriot Kitchen,9780224101646,2019-04-04,Hardcover,304,https://www.eatyourbooks.com/library/190161/taverna-recipes-from-a-cypriot,https://f8383f377ae0dbf72580-915d22ed3472915dfddff20d58b567d0.ssl.cf1.rackcdn.com/taverna-recipes-from-a-cypriot-190161l1.jpg,books/taverna-recipes-from-a-cypriot-190161l1.jpg
191362,"Greenfeast: Autumn, Winter",9780008213770,2019-10-03,Hardcover,288,https://www.eatyourbooks.com/library/191362/greenfeast-autumn-winter,https://f8383f377ae0dbf72580-915d22ed3472915dfddff20d58b567d0.ssl.cf1.rackcdn.com/greenfeast-autumn-winter-191362l3.jpg,books/greenfeast-autumn-winter-191362l3.jpg
191839,From the Oven to the Table: Simple Dishes That Look After Themselves,9781784726096,2019-09-19,Hardcover,240,https://www.eatyourbooks.com/library/191839/from-the-oven-to-the,https://f8383f377ae0dbf72580-915d22ed3472915dfddff20d58b567d0.ssl.cf1.rackcdn.com/from-the-oven-to-the-191839l8.jpg,books/from-the-oven-to-the-191839l8.jpg
192334,Veg: Easy & Delicious Meals for Everyone,9780718187767,2019-08-22,Hardcover,320,https://www.eatyourbooks.com/library/192334/veg-easy--delicious-meals,https://f8383f377ae0dbf72580-915d22ed3472915dfddff20d58b567d0.ssl.cf1.rackcdn.com/veg-easy--delicious-meals-192334l2.jpg,books/veg-easy--delicious-meals-192334l2.jpg
192194,East: 120 Vegetarian and Vegan Recipes from Bangalore to Beijing,9780241387566,2019-08-08,Hardcover,304,https://www.eatyourbooks.com/library/192194/east-120-vegetarian-and-vegan,https://f8383f377ae0dbf72580-915d22ed3472915dfddff20d58b567d0.ssl.cf1.rackcdn.com/east-120-vegetarian-and-vegan-192194l2.jpg,books/east-120-vegetarian-and-vegan-192194l2.jpg
186192,The Green Roasting Tin: Vegan and Vegetarian One Dish Dinners,9781910931899,2018-07-05,Hardcover,224,https://www.eatyourbooks.com/library/186192/the-green-roasting-tin-vegan,https://f8383f377ae0dbf72580-915d22ed3472915dfddff20d58b567d0.ssl.cf1.rackcdn.com/the-green-roasting-tin-vegan-186192l2.jpg,books/the-green-roasting-tin-vegan-186192l2.jpg
176929,The Great British Bake Off: Perfect Cakes & Bakes to Make at Home: Over 100 Recipes from Simple to Showstopping Bakes and Cakes,9781473615441,2016-08-23,Hardcover,320,https://www.eatyourbooks.com/library/176929/the-great-british-bake-off,https://f8383f377ae0dbf72580-915d22ed3472915dfddff20d58b567d0.ssl.cf1.rackcdn.com/the-great-british-bake-off-176929l2.jpg,books/the-great-british-bake-off-176929l2.jpg
190422,Saffron in the Souks: Vibrant Recipes from the Heart of Lebanon,9780857836373,2019-06-04,Hardcover,192,https://www.eatyourbooks.com/library/190422/saffron-in-the-souks-vibrant,https://f8383f377ae0dbf72580-915d22ed3472915dfddff20d58b567d0.ssl.cf1.rackcdn.com/saffron-in-the-souks-vibrant-190422l3.jpg,books/saffron-in-the-souks-vibrant-190422l3.jpg
191363,"Greenfeast: Spring, Summer",9780008333355,2019-05-16,Hardcover,288,https://www.eatyourbooks.com/library/191363/greenfeast-spring-summer,https://f8383f377ae0dbf72580-915d22ed3472915dfddff20d58b567d0.ssl.cf1.rackcdn.com/greenfeast-spring-summer-191363l4.jpg,books/greenfeast-spring-summer-191363l4.jpg
190162,Bazaar: Vibrant Vegetarian Recipes,9781784725174,2019-04-04,Hardcover,240,https://www.eatyourbooks.com/library/190162/bazaar-vibrant-vegetarian-recipes,https://f8383f377ae0dbf72580-915d22ed3472915dfddff20d58b567d0.ssl.cf1.rackcdn.com/bazaar-vibrant-vegetarian-recipes-190162l4.jpg,books/bazaar-vibrant-vegetarian-recipes-190162l4.jpg
188589,Completely Perfect: 120 Essential Recipes for Every Cook,9780241367872,2018-11-01,Paperback,496,https://www.eatyourbooks.com/library/188589/completely-perfect-120-essential-recipes,https://f8383f377ae0dbf72580-915d22ed3472915dfddff20d58b567d0.ssl.cf1.rackcdn.com/completely-perfect-120-essential-recipes-188589l1.jpg,books/completely-perfect-120-essential-recipes-188589l1.jpg
188206,Nadiya's Family Favourites: Over 100 Easy Recipes for Every Kind of Day,9780241348994,2018-06-14,Hardcover,240,https://www.eatyourbooks.com/library/188206/nadiyas-family-favourites-over-100,https://f8383f377ae0dbf72580-915d22ed3472915dfddff20d58b567d0.ssl.cf1.rackcdn.com/nadiyas-family-favourites-over-100-188206l2.jpg,books/nadiyas-family-favourites-over-100-188206l2.jpg
187722,Zaitoun: Recipes and Stories from the Palestinian Kitchen,9781408883846,2018-07-12,Hardcover,256,https://www.eatyourbooks.com/library/187722/zaitoun-recipes-and-stories-from,https://f8383f377ae0dbf72580-915d22ed3472915dfddff20d58b567d0.ssl.cf1.rackcdn.com/zaitoun-recipes-and-stories-from-187722l1.jpg,books/zaitoun-recipes-and-stories-from-187722l1.jpg
186630,Ottolenghi Simple: A Cookbook,9781785031168,2018-09-06,Hardcover,320,https://www.eatyourbooks.com/library/186630/ottolenghi-simple-a-cookbook,https://f8383f377ae0dbf72580-915d22ed3472915dfddff20d58b567d0.ssl.cf1.rackcdn.com/ottolenghi-simple-a-cookbook-186630l2.jpg,books/ottolenghi-simple-a-cookbook-186630l2.jpg
77580,"Mary Berry's Complete Cookbook, Fully Revised & Updated",9780751364408,2003-03-17,Hardcover,544,https://www.eatyourbooks.com/library/77580/mary-berrys-complete-cookbook-fully,https://f8383f377ae0dbf72580-915d22ed3472915dfddff20d58b567d0.ssl.cf1.rackcdn.com/mary-berrys-complete-cookbook-fully-77580l3.jpg,books/mary-berrys-complete-cookbook-fully-77580l3.jpg
187966,Jamie Cooks Italy: From the Heart of the Italian Kitchen,9780718187736,2018-08-09,Hardcover,408,https://www.eatyourbooks.com/library/187966/jamie-cooks-italy-from-the,https://f8383f377ae0dbf72580-915d22ed3472915dfddff20d58b567d0.ssl.cf1.rackcdn.com/jamie-cooks-italy-from-the-187966l2.jpg,books/jamie-cooks-italy-from-the-187966l2.jpg
182078,River Cottage Much More Veg,9781408869000,2017-09-21,Hardcover,416,https://www.eatyourbooks.com/library/182078/river-cottage-much-more-veg,https://f8383f377ae0dbf72580-915d22ed3472915dfddff20d58b567d0.ssl.cf1.rackcdn.com/river-cottage-much-more-veg-182078l2.jpg,books/river-cottage-much-more-veg-182078l2.jpg
180552,At My Table: A Celebration of Home Cooking,9781784741631,2017-09-21,Hardcover,288,https://www.eatyourbooks.com/library/180552/at-my-table-a-celebration,https://f8383f377ae0dbf72580-915d22ed3472915dfddff20d58b567d0.ssl.cf1.rackcdn.com/at-my-table-a-celebration-180552l3.jpg,books/at-my-table-a-celebration-180552l3.jpg
129068,Great British Bakes: Forgotten Treasures for Modern Bakers,9780224095563,2013-11-07,Hardcover,320,https://www.eatyourbooks.com/library/129068/great-british-bakes-forgotten-treasures,https://f8383f377ae0dbf72580-915d22ed3472915dfddff20d58b567d0.ssl.cf1.rackcdn.com/great-british-bakes-forgotten-treasures-129068l2.jpg,books/great-british-bakes-forgotten-treasures-129068l2.jpg
182075,Feasts,9781784722135,2017-09-07,Hardcover,240,https://www.eatyourbooks.com/library/182075/feasts,https://f8383f377ae0dbf72580-915d22ed3472915dfddff20d58b567d0.ssl.cf1.rackcdn.com/feasts-182075l1.jpg,books/feasts-182075l1.jpg
180786,5 Ingredients: Quick & Easy Food,9780718187729,2017-08-24,Hardcover,320,https://www.eatyourbooks.com/library/180786/5-ingredients-quick--easy,https://f8383f377ae0dbf72580-915d22ed3472915dfddff20d58b567d0.ssl.cf1.rackcdn.com/5-ingredients-quick--easy-180786l3.jpg,books/5-ingredients-quick--easy-180786l3.jpg
182073,Sweet,9781785031144,2017-09-07,Hardcover,368,https://www.eatyourbooks.com/library/182073/sweet,https://f8383f377ae0dbf72580-915d22ed3472915dfddff20d58b567d0.ssl.cf1.rackcdn.com/sweet-182073l1.jpg,books/sweet-182073l1.jpg
179000,The Savvy Cook,9781784722708,2017-06-29,Hardcover,240,https://www.eatyourbooks.com/library/179000/the-savvy-cook,https://f8383f377ae0dbf72580-915d22ed3472915dfddff20d58b567d0.ssl.cf1.rackcdn.com/the-savvy-cook-179000l3.jpg,books/the-savvy-cook-179000l3.jpg
176325,"Fresh India: 130 Quick, Easy and Delicious Vegetarian Recipes for Every Day",9780241200421,2016-07-07,Hardcover,304,https://www.eatyourbooks.com/library/176325/fresh-india-130-quick-easy,https://f8383f377ae0dbf72580-915d22ed3472915dfddff20d58b567d0.ssl.cf1.rackcdn.com/fresh-india-130-quick-easy-176325l2.jpg,books/fresh-india-130-quick-easy-176325l2.jpg
174565,Super Food Family Classics,9780718178444,2016-07-14,Hardcover,288,https://www.eatyourbooks.com/library/174565/super-food-family-classics,https://f8383f377ae0dbf72580-915d22ed3472915dfddff20d58b567d0.ssl.cf1.rackcdn.com/super-food-family-classics-174565l1.jpg,books/super-food-family-classics-174565l1.jpg
176446,"Simple: Effortless Food, Big Flavours",9781845338978,2016-09-08,Hardcover,336,https://www.eatyourbooks.com/library/176446/simple-effortless-food-big-flavours,https://f8383f377ae0dbf72580-915d22ed3472915dfddff20d58b567d0.ssl.cf1.rackcdn.com/simple-effortless-food-big-flavours-176446l1.jpg,books/simple-effortless-food-big-flavours-176446l1.jpg
176234,Stirring Slowly: Recipes to Restore & Revive,9780224101653,2016-07-07,Hardcover,280,https://www.eatyourbooks.com/library/176234/stirring-slowly-recipes-to-restore,https://f8383f377ae0dbf72580-915d22ed3472915dfddff20d58b567d0.ssl.cf1.rackcdn.com/stirring-slowly-recipes-to-restore-176234l4.jpg,books/stirring-slowly-recipes-to-restore-176234l4.jpg
174412,"My French Family Table: Recipes for a Life Filled with Food, Love, and Joie de Vivre",9781611801361,2016-05-31,Hardcover,392,https://www.eatyourbooks.com/library/174412/my-french-family-table-recipes,https://f8383f377ae0dbf72580-915d22ed3472915dfddff20d58b567d0.ssl.cf1.rackcdn.com/my-french-family-table-recipes-174412l1.jpg,books/my-french-family-table-recipes-174412l1.jpg
162293,The Great British Bake Off - Bake It Better: Bread,9781473615328,2015-08-27,Hardcover,192,https://www.eatyourbooks.com/library/162293/the-great-british-bake-off,https://f8383f377ae0dbf72580-915d22ed3472915dfddff20d58b567d0.ssl.cf1.rackcdn.com/the-great-british-bake-off-162293l5.jpg,books/the-great-british-bake-off-162293l5.jpg
167143,River Cottage Love Your Leftovers: Recipes for the Resourceful Cook,9781408869253,2015-10-08,Hardcover,336,https://www.eatyourbooks.com/library/167143/river-cottage-love-your-leftovers,https://f8383f377ae0dbf72580-915d22ed3472915dfddff20d58b567d0.ssl.cf1.rackcdn.com/river-cottage-love-your-leftovers-167143l3.jpg,books/river-cottage-love-your-leftovers-167143l3.jpg
167203,Simply Nigella: Feel Good Food,9780701189358,2015-10-08,Hardcover,416,https://www.eatyourbooks.com/library/167203/simply-nigella-feel-good-food,https://f8383f377ae0dbf72580-915d22ed3472915dfddff20d58b567d0.ssl.cf1.rackcdn.com/simply-nigella-feel-good-food-167203l4.jpg,books/simply-nigella-feel-good-food-167203l4.jpg
164522,Everyday Super Food: Recipes for a Healthier Happier You,9780718181239,2015-08-27,Hardcover,312,https://www.eatyourbooks.com/library/164522/everyday-super-food-recipes-for,https://f8383f377ae0dbf72580-915d22ed3472915dfddff20d58b567d0.ssl.cf1.rackcdn.com/everyday-super-food-recipes-for-164522l3.jpg,books/everyday-super-food-recipes-for-164522l3.jpg
162301,"A Modern Way to Cook: Over 150 Quick, Smart and Flavour-Packed Recipes for Every Day",9780008124496,2015-07-16,Hardcover,352,https://www.eatyourbooks.com/library/162301/a-modern-way-to-cook,https://f8383f377ae0dbf72580-915d22ed3472915dfddff20d58b567d0.ssl.cf1.rackcdn.com/a-modern-way-to-cook-162301l2.jpg,books/a-modern-way-to-cook-162301l2.jpg
163446,The Great British Bake Off: Celebrations,9781473615335,2015-07-30,Hardcover,320,https://www.eatyourbooks.com/library/163446/the-great-british-bake-off,https://f8383f377ae0dbf72580-915d22ed3472915dfddff20d58b567d0.ssl.cf1.rackcdn.com/the-great-british-bake-off-163446l3.jpg,books/the-great-british-bake-off-163446l3.jpg
146046,The Great British Bake Off: Big Book of Baking,9781849904834,2014-07-31,Hardcover,320,https://www.eatyourbooks.com/library/146046/the-great-british-bake-off,https://f8383f377ae0dbf72580-915d22ed3472915dfddff20d58b567d0.ssl.cf1.rackcdn.com/the-great-british-bake-off-146046l3.jpg,books/the-great-british-bake-off-146046l3.jpg
9788,The Fondue Bible: The 200 Best Recipes,9780778801665,2007-11-01,Paperback,,https://www.eatyourbooks.com/library/9788/the-fondue-bible-the-200,https://f8383f377ae0dbf72580-915d22ed3472915dfddff20d58b567d0.ssl.cf1.rackcdn.com/the-fondue-bible-the-200-9788l2.jpg,books/the-fondue-bible-the-200-9788l2.jpg
140796,"Made in India, Cooked in Britain: Recipes from an Indian Family Kitchen",9780241146330,2014-07-03,Hardcover,320,https://www.eatyourbooks.com/library/140796/made-in-india-cooked-in,https://f8383f377ae0dbf72580-915d22ed3472915dfddff20d58b567d0.ssl.cf1.rackcdn.com/made-in-india-cooked-in-140796l2.jpg,books/made-in-india-cooked-in-140796l2.jpg
146817,"Paul Hollywood's British Baking: Favourite Recipes, from Cornish Pasties to Bakewell Tarts",9781408846483,2014-10-09,Hardcover,320,https://www.eatyourbooks.com/library/146817/paul-hollywoods-british-baking-favourite,https://f8383f377ae0dbf72580-915d22ed3472915dfddff20d58b567d0.ssl.cf1.rackcdn.com/paul-hollywoods-british-baking-favourite-146817l2.jpg,books/paul-hollywoods-british-baking-favourite-146817l2.jpg
125805,"Gordon Ramsay's Ultimate Home Cooking: Breakfast, Lunch, Dinner",9781444780789,2013-08-29,Hardcover,288,https://www.eatyourbooks.com/library/125805/gordon-ramsays-ultimate-home-cooking,https://f8383f377ae0dbf72580-915d22ed3472915dfddff20d58b567d0.ssl.cf1.rackcdn.com/gordon-ramsays-ultimate-home-cooking-125805l4.jpg,books/gordon-ramsays-ultimate-home-cooking-125805l4.jpg
143737,Plenty More,9780091957155,2014-09-11,Hardcover,288,https://www.eatyourbooks.com/library/143737/plenty-more,https://f8383f377ae0dbf72580-915d22ed3472915dfddff20d58b567d0.ssl.cf1.rackcdn.com/plenty-more-143737l2.jpg,books/plenty-more-143737l2.jpg
139090,Eat Istanbul: A Journey to the Heart of Turkish Cuisine,9781849493765,2014-06-05,Hardcover,192,https://www.eatyourbooks.com/library/139090/eat-istanbul-a-journey-to,https://f8383f377ae0dbf72580-915d22ed3472915dfddff20d58b567d0.ssl.cf1.rackcdn.com/eat-istanbul-a-journey-to-139090l2.jpg,books/eat-istanbul-a-journey-to-139090l2.jpg
111275,Patisserie: Mastering the Fundamentals of French Pastry,9780847839629,2013-02-26,Hardcover,800,https://www.eatyourbooks.com/library/111275/patisserie-mastering-the-fundamentals-of,https://f8383f377ae0dbf72580-915d22ed3472915dfddff20d58b567d0.ssl.cf1.rackcdn.com/patisserie-mastering-the-fundamentals-of-111275l3.jpg,books/patisserie-mastering-the-fundamentals-of-111275l3.jpg
133862,A Change of Appetite: Where Healthy Meets Delicious,9781845337841,2014-03-03,Hardcover,336,https://www.eatyourbooks.com/library/133862/a-change-of-appetite-where,https://f8383f377ae0dbf72580-915d22ed3472915dfddff20d58b567d0.ssl.cf1.rackcdn.com/a-change-of-appetite-where-133862l5.jpg,books/a-change-of-appetite-where-133862l5.jpg
129477,Paul Hollywood's Pies and Puds,9781408846438,2013-10-24,Hardcover,224,https://www.eatyourbooks.com/library/129477/paul-hollywoods-pies-and-puds,https://f8383f377ae0dbf72580-915d22ed3472915dfddff20d58b567d0.ssl.cf1.rackcdn.com/paul-hollywoods-pies-and-puds-129477l1.jpg,books/paul-hollywoods-pies-and-puds-129477l1.jpg
128057,River Cottage Fruit Every Day!,9781408828595,2013-10-10,Hardcover,416,https://www.eatyourbooks.com/library/128057/river-cottage-fruit-every-day,https://f8383f377ae0dbf72580-915d22ed3472915dfddff20d58b567d0.ssl.cf1.rackcdn.com/river-cottage-fruit-every-day-128057l5.jpg,books/river-cottage-fruit-every-day-128057l5.jpg
125809,Brilliant Bread,9780091955601,2013-08-29,Hardcover,224,https://www.eatyourbooks.com/library/125809/brilliant-bread,https://f8383f377ae0dbf72580-915d22ed3472915dfddff20d58b567d0.ssl.cf1.rackcdn.com/brilliant-bread-125809l3.jpg,books/brilliant-bread-125809l3.jpg
125782,"Save with Jamie: Shop Smart, Cook Clever, Waste Less",9780718158149,2013-08-29,Hardcover,288,https://www.eatyourbooks.com/library/125782/save-with-jamie-shop-smart,https://f8383f377ae0dbf72580-915d22ed3472915dfddff20d58b567d0.ssl.cf1.rackcdn.com/save-with-jamie-shop-smart-125782l4.jpg,books/save-with-jamie-shop-smart-125782l4.jpg
117209,Paul Hollywood's Bread: How to Make Great Breads into Even Greater Meals,9781408840696,2013-02-14,Hardcover,192,https://www.eatyourbooks.com/library/117209/paul-hollywoods-bread-how-to,https://f8383f377ae0dbf72580-915d22ed3472915dfddff20d58b567d0.ssl.cf1.rackcdn.com/paul-hollywoods-bread-how-to-117209l3.jpg,books/paul-hollywoods-bread-how-to-117209l3.jpg
109929,"Jamie's 15 Minute Meals: Delicious, Nutritious, Super-Fast Food",9780718157807,2012-09-27,Hardcover,288,https://www.eatyourbooks.com/library/109929/jamies-15-minute-meals-delicious,https://f8383f377ae0dbf72580-915d22ed3472915dfddff20d58b567d0.ssl.cf1.rackcdn.com/jamies-15-minute-meals-delicious-109929l13.jpg,books/jamies-15-minute-meals-delicious-109929l13.jpg
163648,Nigellissima: Instant Italian Inspiration (Nigella Collection),9780701189174,2015-08-06,Hardcover,288,https://www.eatyourbooks.com/library/163648/nigellissima-instant-italian-inspiration-nigella,https://f8383f377ae0dbf72580-915d22ed3472915dfddff20d58b567d0.ssl.cf1.rackcdn.com/nigellissima-instant-italian-inspiration-nigella-163648l1.jpg,books/nigellissima-instant-italian-inspiration-nigella-163648l1.jpg
107871,Jerusalem,9780091943745,2012-09-06,Hardcover,288,https://www.eatyourbooks.com/library/107871/jerusalem,https://f8383f377ae0dbf72580-915d22ed3472915dfddff20d58b567d0.ssl.cf1.rackcdn.com/jerusalem-107871l4.jpg,books/jerusalem-107871l4.jpg
104953,How to Bake,9781408819494,2012-07-05,Hardcover,304,https://www.eatyourbooks.com/library/104953/how-to-bake,https://f8383f377ae0dbf72580-915d22ed3472915dfddff20d58b567d0.ssl.cf1.rackcdn.com/how-to-bake-104953l1.jpg,books/how-to-bake-104953l1.jpg
88843,Cooking with Chocolate: Essential Recipes and Techniques,9782080200815,2011-09-05,Hardcover,416,https://www.eatyourbooks.com/library/88843/cooking-with-chocolate-essential-recipes,https://f8383f377ae0dbf72580-915d22ed3472915dfddff20d58b567d0.ssl.cf1.rackcdn.com/cooking-with-chocolate-essential-recipes-88843l1.jpg,books/cooking-with-chocolate-essential-recipes-88843l1.jpg
101182,La Tartine Gourmande: Recipes for an Inspired Life,9781590307625,2012-02-07,Hardcover,320,https://www.eatyourbooks.com/library/101182/la-tartine-gourmande-recipes-for,https://f8383f377ae0dbf72580-915d22ed3472915dfddff20d58b567d0.ssl.cf1.rackcdn.com/la-tartine-gourmande-recipes-for-101182l2.jpg,books/la-tartine-gourmande-recipes-for-101182l2.jpg
89689,River Cottage Veg Every Day!,9781408812129,2011-09-19,Hardcover,416,https://www.eatyourbooks.com/library/89689/river-cottage-veg-every-day,https://f8383f377ae0dbf72580-915d22ed3472915dfddff20d58b567d0.ssl.cf1.rackcdn.com/river-cottage-veg-every-day-89689l5.jpg,books/river-cottage-veg-every-day-89689l5.jpg
43535,Larousse Gastronomique,9780600323907,1988-08-20,Hardcover,1200,https://www.eatyourbooks.com/library/43535/larousse-gastronomique,https://f8383f377ae0dbf72580-915d22ed3472915dfddff20d58b567d0.ssl.cf1.rackcdn.com/larousse-gastronomique-43535l1.jpg,books/larousse-gastronomique-43535l1.jpg
81036,Nigella Kitchen: Recipes from the Heart of the Home,9781401323950,2010-10-12,Hardcover,512,https://www.eatyourbooks.com/library/81036/nigella-kitchen-recipes-from-the,https://f8383f377ae0dbf72580-915d22ed3472915dfddff20d58b567d0.ssl.cf1.rackcdn.com/nigella-kitchen-recipes-from-the-81036l3.jpg,books/nigella-kitchen-recipes-from-the-81036l3.jpg
78420,Plenty,9780091933685,2010-04-29,Hardcover,288,https://www.eatyourbooks.com/library/78420/plenty,https://f8383f377ae0dbf72580-915d22ed3472915dfddff20d58b567d0.ssl.cf1.rackcdn.com/plenty-78420l1.jpg,books/plenty-78420l1.jpg
15348,Ottolenghi: The Cookbook,9780091922344,2008-05-01,Hardcover,304,https://www.eatyourbooks.com/library/15348/ottolenghi-the-cookbook,https://f8383f377ae0dbf72580-915d22ed3472915dfddff20d58b567d0.ssl.cf1.rackcdn.com/ottolenghi-the-cookbook-15348l5.jpg,books/ottolenghi-the-cookbook-15348l5.jpg
11498,How To Be a Domestic Goddess: Baking and the Art of Comfort Food (UK),9780701168889,2000-10-05,Hardcover,384,https://www.eatyourbooks.com/library/11498/how-to-be-a-domestic,https://f8383f377ae0dbf72580-915d22ed3472915dfddff20d58b567d0.ssl.cf1.rackcdn.com/how-to-be-a-domestic-11498l1.jpg,books/how-to-be-a-domestic-11498l1.jpg
11497,How to Eat: The Pleasures and Principles of Good Food,9780701165765,1998-09-28,Hardcover,544,https://www.eatyourbooks.com/library/11497/how-to-eat-the-pleasures,https://f8383f377ae0dbf72580-915d22ed3472915dfddff20d58b567d0.ssl.cf1.rackcdn.com/how-to-eat-the-pleasures-11497l2.jpg,books/how-to-eat-the-pleasures-11497l2.jpg
195080,The Gut Health Doctor: An Easy-to-Digest Guide to Health from the Inside Out,9780241355084,2019-09-19,Paperback,304,https://www.eatyourbooks.com/library/195080/the-gut-health-doctor-an,https://f8383f377ae0dbf72580-915d22ed3472915dfddff20d58b567d0.ssl.cf1.rackcdn.com/the-gut-health-doctor-an-195080l2.jpg,books/the-gut-health-doctor-an-195080l2.jpg
187838,The Food Medic for Life: Easy Recipes to Help You Live Well Every Day,9781473650572,2018-04-19,Hardcover,256,https://www.eatyourbooks.com/library/187838/the-food-medic-for-life,https://f8383f377ae0dbf72580-915d22ed3472915dfddff20d58b567d0.ssl.cf1.rackcdn.com/the-food-medic-for-life-187838l2.jpg,books/the-food-medic-for-life-187838l2.jpg
186777,Cooking Step By Step,9780241300374,2018-01-01,Hardcover,,https://www.eatyourbooks.com/library/186777/cooking-step-by-step,https://f8383f377ae0dbf72580-915d22ed3472915dfddff20d58b567d0.ssl.cf1.rackcdn.com/cooking-step-by-step-186777l1.jpg,books/cooking-step-by-step-186777l1.jpg
176067,The Great British Bake Off: Children's Party Cakes & Bakes,9781473615649,2016-06-30,Hardcover,224,https://www.eatyourbooks.com/library/176067/the-great-british-bake-off,https://f8383f377ae0dbf72580-915d22ed3472915dfddff20d58b567d0.ssl.cf1.rackcdn.com/the-great-british-bake-off-176067l2.jpg,books/the-great-british-bake-off-176067l2.jpg
155854,Hotel Chocolat: A New Way of Cooking with Chocolate,9781472224545,2015-03-06,Hardcover,256,https://www.eatyourbooks.com/library/155854/hotel-chocolat-a-new-way,https://f8383f377ae0dbf72580-915d22ed3472915dfddff20d58b567d0.ssl.cf1.rackcdn.com/hotel-chocolat-a-new-way-155854l1.jpg,books/hotel-chocolat-a-new-way-155854l1.jpg
136052,Hamlyn All Colour Cookbook: 200 Easy Vegetarian Dishes,9780600628200,2014-04-07,Paperback,,https://www.eatyourbooks.com/library/136052/hamlyn-all-colour-cookbook-200,https://f8383f377ae0dbf72580-915d22ed3472915dfddff20d58b567d0.ssl.cf1.rackcdn.com/hamlyn-all-colour-cookbook-200-136052l1.jpg,books/hamlyn-all-colour-cookbook-200-136052l1.jpg
130939,"The Best of Traditional Scottish Cooking: More Than 60 Classic Step-by-step Recipes from the Varied Regions of Scotland, Illustrated with Over 250 Photographs",9781846817335,2014-01-01,Paperback,96,https://www.eatyourbooks.com/library/130939/the-best-of-traditional-scottish,https://f8383f377ae0dbf72580-915d22ed3472915dfddff20d58b567d0.ssl.cf1.rackcdn.com/the-best-of-traditional-scottish-130939l1.jpg,books/the-best-of-traditional-scottish-130939l1.jpg
131476,Bread,9781848991897,2013-11-07,Hardcover,,https://www.eatyourbooks.com/library/131476/bread,https://f8383f377ae0dbf72580-915d22ed3472915dfddff20d58b567d0.ssl.cf1.rackcdn.com/bread-131476l1.jpg,books/bread-131476l1.jpg
79738,French Cooking: Classic Recipes and Techniques,9782080301468,2010-10-25,Hardcover,512,https://www.eatyourbooks.com/library/79738/french-cooking-classic-recipes-and,https://f8383f377ae0dbf72580-915d22ed3472915dfddff20d58b567d0.ssl.cf1.rackcdn.com/french-cooking-classic-recipes-and-79738l1.jpg,books/french-cooking-classic-recipes-and-79738l1.jpg
47351,Best Food for Your Baby and Toddler,9781402736186,2010-08-07,Paperback,384,https://www.eatyourbooks.com/library/47351/best-food-for-your-baby,https://f8383f377ae0dbf72580-915d22ed3472915dfddff20d58b567d0.ssl.cf1.rackcdn.com/best-food-for-your-baby-47351l2.jpg,books/best-food-for-your-baby-47351l2.jpg
74916,Best of Traditional Scottish Cooking: More Than 60 Classic Step-by-step Recipes from the Varied Regions of Scotland,9781844768134,2010-06-14,Paperback,96,https://www.eatyourbooks.com/library/74916/best-of-traditional-scottish-cooking,https://f8383f377ae0dbf72580-915d22ed3472915dfddff20d58b567d0.ssl.cf1.rackcdn.com/best-of-traditional-scottish-cooking-74916l1.jpg,books/best-of-traditional-scottish-cooking-74916l1.jpg
100471,Le Grand Livre De La Cuisine F Fl,9782501062138,2009-11-12,Paperback,,https://www.eatyourbooks.com/library/100471/le-grand-livre-de-la,https://f8383f377ae0dbf72580-915d22ed3472915dfddff20d58b567d0.ssl.cf1.rackcdn.com/le-grand-livre-de-la-100471l1.jpg,books/le-grand-livre-de-la-100471l1.jpg
69689,Ã€ la di Stasio,9780973835595,2008-09-12,Paperback,192,https://www.eatyourbooks.com/library/69689/a-la-di-stasio,https://f8383f377ae0dbf72580-915d22ed3472915dfddff20d58b567d0.ssl.cf1.rackcdn.com/a-la-di-stasio-69689l3.jpg,books/a-la-di-stasio-69689l3.jpg
98923,Le guide de la cuisine traditionnelle quebecoise (French Edition),9782760400429,,Paperback,327,https://www.eatyourbooks.com/library/98923/le-guide-de-la-cuisine,https://f8383f377ae0dbf72580-915d22ed3472915dfddff20d58b567d0.ssl.cf1.rackcdn.com/le-guide-de-la-cuisine-98923l1.jpg,books/le-guide-de-la-cuisine-98923l1.jpg
